Material,Average,Standard Deviation
Low Alloy Steel,5.70676381466036,1.7072362313897071
Medium Carbon Steel,4.900972261111363,1.1228083643931883
High Carbon Steel,5.396191385804006,2.2719156866944976
Nodular Cast Iron,3.4538022488259257,2.116438250014236
